المقدمة,5,1,5
الأصل الأول: الجنسية والإقامة,11,1,11
أولاً: الجنسية,15,,11
ثانياً: الإقامة ,29,,11
ثالثاً: إسلام الكافر,35,,11
رابعاً: حجاب المرأة المسلمة ,41,,11
خامساً: الاختلاط,45,,11
سادساً: القروض,51,,11
سابعاً: التأمين,57,,11
ثامناً: البطاقات الائتمانية ,61,,11
تاسعاً: تربية الأسرة ,79,,11
عاشراً: اللباس,87,,11
الحادي عشر: اقتناء الكلاب,93,,11
الثاني عشر: أحكام الأطعمة وفيه مسائل:,97,,11
أ - الذبائح,97,,11
ب - دخول المحرمات في المأكولات أو المشروبات,104,,11
ج - الأكل في أواني الكفار,108,,11
د - الأكل في مطاعم الكفار,109,,11
الثالث عشر: بناء المساجد في بلاد الكفر وبعض المسائل المتعلقة بذلك..,113,,11
الرابع عشر: صرف أموال الزكاة في الدعوة إلى الله,119,,11
الخامس عشر: صرف الزكاة للمؤلفة قلوبهم من الكفار,123,,11
السادس عشر: زكاة الفطر,125,,11
السابع عشر: صلاة الجمعة، وفيه مسائل:,127,,11
أ - العدد المطلوب لصلاة الجمعة,127,,11
ب - أداء المرأة لصلاة الجمعة,128,,11
ج - ترجمة خطبة الجمعة,129,,11
د - صلاة الجمعة قبل الزوال,132,,11
ه - إقامة الجمعة على دفعتين لضيق المسجد,134,,11
الثامن عشر: قبول المسلمين من الكفار التبرعات لمشاريع خيرية ,135,,11
التاسع عشر: السكن في بلاد الكفار أو البلاد التي ينتشر فيها الفساد والانحلال. ,139,,11
العشرون: الزواج الصوري,141,,11
الحادي والعشرون: أوقات الصلاة، وفيه مسائل,147,,11
أ - في حال استمرار الليل أو النهار أربع وعشرين ساعة فأكثر,147,,11
ب - في حال قصر الليل أو النهار قصراً ومفرطاً مع بقاء العلامات الفلكية الشرعية,150,,11
الثاني والعشرون: أوقات الصيام، وفيه مسائل: ,157,,11
أ - الرؤية في دخول شهر رمضان وخروجه,157,,11
ب - الصيام يوم عرفة هل هو يوم اجتماع الناس في عرفة، أو اليوم التاسع بحسب كل بلد,161,,11
ج - تحديد زمن الإمساك في رمضان حال الغيم,164,,11
د- فتاوى متفرقة في الصيام,165,,11
الثالث والعشرون: خوف المسلم من إظهار دينه ,167,,11
الرابع والعشرون: الصلاة في المساجد التي فيها القبور ,173,,11
الخامس والعشرون: الصلاة خلف الإمام المبتدع,175,,11
السادس والعشرون: دفن المسلم في مقابر الكفار ,177,,11
الأصل الثاني التحكيـــم ,185,1,185
أولاً: التقاضي و ُيستثنى منه حالتين,185,,185
الأولى: حال الضرورة,185,,185
الثانية: طلب الصلح دون الحكم,190,,185
ثانياً: استيفاء الحقوق، وفيه مسائل:,191,,185
(١) الطلاق الذي يوقعه القاضي الكافر في بلاد الكفر,192,,185
(٢) اعتبار المراكز الإسلامية في مقام الحاكم الشرعي,194,,185
(٣) نصائح لمسلمي الأقليات,198,,185
ثالثاً: من أين يستقي المسلم المقيم هناك الفتاوى؟ وماذا يتبع؟,201,,185
الأصل الثالث: الولاء والبراء ,204,1,204
المقدمة,204,,204
أولاً: الزواج من نسائهم,209,,204
ثانياً: بعض أحكام الأولاد,219,,204
ثالثاً: التحاق أطفال المسلمين في بلاد الغرب بالمدارس النصرانية ,227,,204
رابعاً: العمل أو الدراسة لدى الكفار,231,,204
خامساً: العمل في الوظائف العسكرية,239,,204
سادساً: تأجير البيوت أو المحلات على الكفار أو الفساق,241,,204
سابعاً: تحية غير المسلمين والسلام عليهم,245,,204
ثامناً: حكم مصافحة المرأة الأجنبية والخلوة بها,248,,204
تاسعاً: تعزية الكافر وحضور جنازته,255,,204
عاشراً: حكم حضور أعياد الكفار وتهنئتهم بها,259,,204
الحادي عشر: الإهداء للكافر,263,,204
الثاني عشر: حكم قبول هداياهم بالمناسبات الدينية وغيرها...,265,,204
الثالث عشر: قبول دعوة الكافر إلى الطعام,267,,204
الرابع عشر: عيادة مريضهم ورقيته,269,,204
الخامس عشر: كنائس الكفار، وفيه مسائل:,273,,204
أ - دخولها والصلاة فيها,273,,204
ب - الصلاة في الكنيسة عند عدم وجود مسجد,276,,204
ج - شراء الكنيسة لتكون مسجد,277,,204
السادس عشر: الانتخابات في بلاد الكفار، وفيه مسائل:,279,,204
أ - مشاركة المسلم في الانتخابات مع غير المسلمين,279,,204
ب - التصويت في انتخاباتهم,280,,204
السابع عشر: التجارة، وتشمل: التقيد بالأنظمة، والبيع والشراء فيما لايحل,283,,204
الثامن عشر: السكن مع العائلة الكافرة,287,,204
التاسع عشر: إذا أسلمت المرأة وزوجها كافر,291,,204
العشرون: معاملة الرجل المسلم أو المرأة المسلمة لأهلها الكفار,295,,204
الحادي والعشرون: الأحزاب والجماعات الإسلامية، وماذا يتبع المسلم منها؟,297,,204
فهرس الملحق الأول ,301,1,301
المقدمة,301,,301
المسألة الأولى: وحدة الأديان,303,,301
المسألة الثانية: ميراث الكافر,313,,301
المسألة الثالثة: إذا أسلم الكافر في أيام رمضان، فما الحكم؟,317,,301
المسألة الرابعة: تنظيم النسل,319,,301
المسألة الخامسة: التشبه بالكفار,321,,301
المسألة السادسة :الابتعاث وخطورته,337,,301
المسألة السابعة :حضانة غير المسلم للطفل المسلم,345,,301
المسألة الثامنة: الحلف بالإنجيل,347,,301
المسألة التاسعة : الشهادة لليهود والنصاري وغيرهم من الكفار ,349,,301
المسألة العاشرة: إذا أسلم النصراني، هل يلزم بتغيير اسمه؟,351,,301
المسألة الحادية عشرة: حكم التعبير عن غير المسلمين بلفظ الأخوة,353,,301
المسألة الثانية عشرة:حكم وقوف ساعة حداد على المسلم وغير المسلم,355,,301
المسألة الثالثة عشرة: هل يقال للنصراني مسيحي؟,357,,301
المسألة الرابعة عشرة: إرضاع المرأة الكافرة للطفل المسلم,359,,301
المسألة الخامسة عشرة: مشاركة المسلم في حفلات توديع غير المسلم,361,,301
المسألة السادسة عشرة : المعاملات المحرمة مع الكفار,363,,301
المسألة السابعة عشرة: الصلاة في القاعات التي ُ أعدت للَّهو,367,,301
المسألة الثامنة عشرة: طلب الرزق بالطرق المحرمة,369,,301
المسألة التاسعة عشرة : التحذير من الصلبان في المفارش وغيرها,373,,301
المسألة العشرون : إشهار عقد النكاح في الكنيسة,375,,301
المسألة الحادية والعشرون : تمكين الكافر من المصحف المترجم,377,,301
المسألة الثانية والعشرون : حكم تمريض الكافر للنساء المسلمات,379,,301
المسألة الثالثة والعشرون : صلة القريب الكافر,383,,301
المسألة الرابعة والعشرون: التحذير من القعود مع اليهود والنصارى وسماع كلامهم ,385,,301
المسألة الخامسة والعشرون : هل يقال لليهودي أو النصراني الذي بلغته الدعوة أنه في النار؟,389,,301
المسألة السادسة والعشرون: رجل ارتد إلى النصرانية ثم تاب فما الحكم؟,393,,301
المسألة السابعة والعشرون : إذا كانت الأرض ثلج، كيف يدفن الميت فيها كما هو الحال في شمال كندا؟,397,,301
المسألة الثامنة والعشرون: جمع الأموال لنقل جثث المسلمين إلى بلاد الإسلام,401,,301
المسألة التاسعة والعشرون: إحراق جثة المسلم,403,,301
المسألة الثلاثون: إعطاء الذي يشهر إسلامه هدايا ترغيباً له,405,,301
فهرس الموضوعات,407,1,407